<?xml version="1.0" encoding="utf-8"?>
<ApplicationInstallerManifest>
   <DefaultInstallationDirectory>/Applications/TWGroup_at_Johns_Hopkins/cufsm5/</DefaultInstallationDirectory>
   <ApplicationName>cufsm5</ApplicationName>
   <ExecutableName>application/cufsm5.exe</ExecutableName>
   <GUID>e88dca03-195d-45a0-bab2-4df4ec52e911</GUID>
   <ApplicationIcon>icon_48.png</ApplicationIcon>
   <Logo>default_logo.png</Logo>
   <Version>5.05</Version>
   <AuthorOrganization>TWGroup at Johns Hopkins</AuthorOrganization>
   <Summary>Constrained and Unconstrained Finite Strip Method (CUFSM)</Summary>
   <WelcomePanelText>cufsm5 5.05
Constrained and Unconstrained Finite Strip Method (CUFSM)

Cross-section elastic buckling analysis utilizing the finite strip method.

Ben Schafer
schafer@jhu.edu</WelcomePanelText>
   <MCRProducts>
      <MCRProduct>
         <ExternalProductIdentifier>35000</ExternalProductIdentifier>
      </MCRProduct>
      <MCRProduct>
         <ExternalProductIdentifier>35002</ExternalProductIdentifier>
      </MCRProduct>
      <MCRProduct>
         <ExternalProductIdentifier>35003</ExternalProductIdentifier>
      </MCRProduct>
      <MCRProduct>
         <ExternalProductIdentifier>35010</ExternalProductIdentifier>
      </MCRProduct>
      <MCRProduct>
         <ExternalProductIdentifier>35106</ExternalProductIdentifier>
      </MCRProduct>
      <MCRProduct>
         <ExternalProductIdentifier>35190</ExternalProductIdentifier>
      </MCRProduct>
   </MCRProducts>
</ApplicationInstallerManifest>