<?xml version="1.0" encoding="utf-8"?>
<productAdditionalComps>
   <dependsOn>
      <component>
         <name>cufsm5</name>
         <locale/>
         <platformList>
            <platform>maci64</platform>
         </platformList>
         <version>5.05</version>
      </component>
   </dependsOn>
   <isControllingProduct>true</isControllingProduct>
   <platform>maci64</platform>
   <productName>cufsm5</productName>
   <productNumber>5000</productNumber>
   <productBaseCode>cufsm5</productBaseCode>
   <productVersion>5.05</productVersion>
   <releaseFamily>R2023b</releaseFamily>
   <releaseDescription>R2023b</releaseDescription>
</productAdditionalComps>